{"cameraMode":{"drawMode":0,"name":"Shaded","section":"Shading Mode"},"sceneLighting":false,"audioPlay":false,"sceneViewState":{"m_AlwaysRefresh":false,"showFog":true,"showSkybox":false,"showFlares":true,"showImageEffects":true,"showParticleSystems":true,"showVisualEffectGraphs":true,"m_FxEnabled":true},"in2DMode":false,"pivot":{"x":3.5799999237060549,"y":0.07559007406234741,"z":-0.13128912448883058},"rotation":{"x":-0.007803719025105238,"y":0.8440915942192078,"z":-0.5360619425773621,"w":-0.012462807819247246},"size":3.776151180267334,"orthographic":false}