{"cameraMode":{"drawMode":0,"name":"Shaded","section":"Shading Mode"},"sceneLighting":false,"audioPlay":false,"sceneViewState":{"m_AlwaysRefresh":false,"showFog":true,"showSkybox":false,"showFlares":true,"showImageEffects":true,"showParticleSystems":true,"showVisualEffectGraphs":true,"m_FxEnabled":true},"in2DMode":false,"pivot":{"x":2.5279157161712648,"y":-0.9930365085601807,"z":-0.2583646774291992},"rotation":{"x":0.021803252398967744,"y":0.9105020761489868,"z":-0.41022589802742007,"w":0.04840517044067383},"size":2.5730109214782717,"orthographic":false}