{"cameraMode":{"drawMode":0,"name":"Shaded","section":"Shading Mode"},"sceneLighting":false,"audioPlay":false,"sceneViewState":{"m_AlwaysRefresh":false,"showFog":true,"showSkybox":false,"showFlares":true,"showImageEffects":true,"showParticleSystems":true,"showVisualEffectGraphs":true,"m_FxEnabled":true},"in2DMode":false,"pivot":{"x":3.41159987449646,"y":0.06696999073028565,"z":0.17155885696411134},"rotation":{"x":-0.09845049679279328,"y":-0.042649246752262118,"z":-0.004173938650637865,"w":0.9943182468414307},"size":3.7034852504730226,"orthographic":false}