{"cameraMode":{"drawMode":0,"name":"Shaded","section":"Shading Mode"},"sceneLighting":false,"audioPlay":false,"sceneViewState":{"m_AlwaysRefresh":false,"showFog":true,"showSkybox":false,"showFlares":true,"showImageEffects":true,"showParticleSystems":true,"showVisualEffectGraphs":true,"m_FxEnabled":true},"in2DMode":false,"pivot":{"x":3.6212048530578615,"y":0.009352564811706543,"z":-0.01602250337600708},"rotation":{"x":-0.00002830565244948957,"y":-0.9999305009841919,"z":0.018311873078346254,"w":0.002434519585222006},"size":3.7326972484588625,"orthographic":false}