{"cameraMode":{"drawMode":0,"name":"Shaded","section":"Shading Mode"},"sceneLighting":false,"audioPlay":false,"sceneViewState":{"m_AlwaysRefresh":false,"showFog":true,"showSkybox":false,"showFlares":true,"showImageEffects":true,"showParticleSystems":true,"showVisualEffectGraphs":true,"m_FxEnabled":true},"in2DMode":false,"pivot":{"x":0.6249353885650635,"y":10.985480308532715,"z":14.65511417388916},"rotation":{"x":0.004208837170153856,"y":0.8963514566421509,"z":-0.4433257281780243,"w":0.008289436809718609},"size":2.085657835006714,"orthographic":false}