{"cameraMode":{"drawMode":0,"name":"Shaded","section":"Shading Mode"},"sceneLighting":false,"audioPlay":false,"sceneViewState":{"m_AlwaysRefresh":false,"showFog":true,"showSkybox":false,"showFlares":true,"showImageEffects":true,"showParticleSystems":true,"showVisualEffectGraphs":true,"m_FxEnabled":true},"in2DMode":false,"pivot":{"x":0.07666635513305664,"y":-0.020916223526000978,"z":0.175795316696167},"rotation":{"x":-0.4897887110710144,"y":-0.0039549837820231918,"z":0.00223233038559556,"w":-0.8719190955162048},"size":1.5931631326675416,"orthographic":false}