{"cameraMode":{"drawMode":0,"name":"Shaded","section":"Shading Mode"},"sceneLighting":false,"audioPlay":false,"sceneViewState":{"m_AlwaysRefresh":false,"showFog":true,"showSkybox":false,"showFlares":true,"showImageEffects":true,"showParticleSystems":true,"showVisualEffectGraphs":true,"m_FxEnabled":true},"in2DMode":false,"pivot":{"x":2.961958646774292,"y":2.950953960418701,"z":2.4748542308807375},"rotation":{"x":-0.003994395956397057,"y":0.883358359336853,"z":-0.46869200468063357,"w":-0.007734213024377823},"size":0.16293871402740479,"orthographic":false}