{"cameraMode":{"drawMode":0,"name":"Shaded","section":"Shading Mode"},"sceneLighting":false,"audioPlay":false,"sceneViewState":{"m_AlwaysRefresh":false,"showFog":true,"showSkybox":false,"showFlares":true,"showImageEffects":true,"showParticleSystems":true,"showVisualEffectGraphs":true,"m_FxEnabled":true},"in2DMode":false,"pivot":{"x":2.7529149055480959,"y":0.5567457675933838,"z":-0.02496647834777832},"rotation":{"x":0.005330096930265427,"y":0.9241823554039002,"z":-0.38184842467308047,"w":0.013065382838249207},"size":2.607252359390259,"orthographic":false}