{"cameraMode":{"drawMode":0,"name":"Shaded","section":"Shading Mode"},"sceneLighting":false,"audioPlay":false,"sceneViewState":{"m_AlwaysRefresh":false,"showFog":true,"showSkybox":false,"showFlares":true,"showImageEffects":true,"showParticleSystems":true,"showVisualEffectGraphs":true,"m_FxEnabled":true},"in2DMode":false,"pivot":{"x":0.6384387016296387,"y":15.282299995422364,"z":10.223156929016114},"rotation":{"x":0.01606753095984459,"y":0.974136471748352,"z":0.07287246733903885,"w":-0.2134384959936142},"size":2.1523783206939699,"orthographic":false}