{"cameraMode":{"drawMode":0,"name":"Shaded","section":"Shading Mode"},"sceneLighting":false,"audioPlay":false,"sceneViewState":{"m_AlwaysRefresh":false,"showFog":true,"showSkybox":false,"showFlares":true,"showImageEffects":true,"showParticleSystems":true,"showVisualEffectGraphs":true,"m_FxEnabled":true},"in2DMode":false,"pivot":{"x":3.5927305221557619,"y":-0.02484416961669922,"z":0.043395936489105228},"rotation":{"x":0.00009227534610545263,"y":-1.000006914138794,"z":0.012311250902712345,"w":0.005435194820165634},"size":3.7298731803894045,"orthographic":false}