{"cameraMode":{"drawMode":0,"name":"Shaded","section":"Shading Mode"},"sceneLighting":false,"audioPlay":false,"sceneViewState":{"m_AlwaysRefresh":false,"showFog":true,"showSkybox":false,"showFlares":true,"showImageEffects":true,"showParticleSystems":true,"showVisualEffectGraphs":true,"m_FxEnabled":true},"in2DMode":false,"pivot":{"x":2.757171392440796,"y":0.26596736907958987,"z":-0.16364812850952149},"rotation":{"x":0.008926063776016236,"y":0.9386585354804993,"z":-0.34403395652770998,"w":0.02453574351966381},"size":1.914026141166687,"orthographic":false}