{"cameraMode":{"drawMode":0,"name":"Shaded","section":"Shading Mode"},"sceneLighting":false,"audioPlay":false,"sceneViewState":{"m_AlwaysRefresh":false,"showFog":true,"showSkybox":false,"showFlares":true,"showImageEffects":true,"showParticleSystems":true,"showVisualEffectGraphs":true,"m_FxEnabled":true},"in2DMode":false,"pivot":{"x":0.40225914120674136,"y":-0.16625332832336427,"z":0.2627207040786743},"rotation":{"x":-0.4147922098636627,"y":0.0218031145632267,"z":-0.009931296110153199,"w":-0.9096869230270386},"size":1.7845402956008912,"orthographic":false}