{"cameraMode":{"drawMode":0,"name":"Shaded","section":"Shading Mode"},"sceneLighting":false,"audioPlay":false,"sceneViewState":{"m_AlwaysRefresh":false,"showFog":true,"showSkybox":false,"showFlares":true,"showImageEffects":true,"showParticleSystems":true,"showVisualEffectGraphs":true,"m_FxEnabled":true},"in2DMode":false,"pivot":{"x":4.037222862243652,"y":-1.2082645893096924,"z":0.6696577072143555},"rotation":{"x":-0.17725446820259095,"y":0.010967612266540528,"z":0.0019516275497153402,"w":0.9842015504837036},"size":3.7034852504730226,"orthographic":false}