{"cameraMode":{"drawMode":0,"name":"Shaded","section":"Shading Mode"},"sceneLighting":false,"audioPlay":false,"sceneViewState":{"m_AlwaysRefresh":false,"showFog":true,"showSkybox":false,"showFlares":true,"showImageEffects":true,"showParticleSystems":true,"showVisualEffectGraphs":true,"m_FxEnabled":true},"in2DMode":false,"pivot":{"x":0.4279197156429291,"y":3.762479782104492,"z":1.1739530563354493},"rotation":{"x":0.06027938053011894,"y":0.006627305410802364,"z":-0.00036554705002345145,"w":0.9982607364654541},"size":3.7326972484588625,"orthographic":false}